{
  "hash": "e53a61f5",
  "configHash": "521554c7",
  "lockfileHash": "e59c5fb1",
  "browserHash": "732bd285",
  "optimized": {
    "@angular/common": {
      "src": "../../../../../../node_modules/@angular/common/fesm2022/common.mjs",
      "file": "@angular_common.js",
      "fileHash": "24b8f2ab",
      "needsInterop": false
    },
    "@angular/core": {
      "src": "../../../../../../node_modules/@angular/core/fesm2022/core.mjs",
      "file": "@angular_core.js",
      "fileHash": "e54fd823",
      "needsInterop": false
    },
    "@angular/platform-browser": {
      "src": "../../../../../../node_modules/@angular/platform-browser/fesm2022/platform-browser.mjs",
      "file": "@angular_platform-browser.js",
      "fileHash": "1dc1dda2",
      "needsInterop": false
    },
    "@angular/router": {
      "src": "../../../../../../node_modules/@angular/router/fesm2022/router.mjs",
      "file": "@angular_router.js",
      "fileHash": "2b43238c",
      "needsInterop": false
    }
  },
  "chunks": {
    "chunk-KIURVO2T": {
      "file": "chunk-KIURVO2T.js"
    },
    "chunk-5CZ53KGG": {
      "file": "chunk-5CZ53KGG.js"
    },
    "chunk-XEJBNXCQ": {
      "file": "chunk-XEJBNXCQ.js"
    }
  }
}